{
  "decisionCoeff": [
    1.3468752841572964,
    0.8587591947951447,
    0.8838588560294921,
    0.8252315808342524,
    0.8978825250384728,
    0.9149788631592891,
    0.8094922375074911,
    0.8587762728175468,
    0.5855289482228901,
    0.6932543921009722
  ],
  "Loss": [
    "148.1177505644325",
    "148.04951662599112",
    "148.06670469321014",
    "148.06789091606984",
    "148.04012374029787",
    "148.0453300365676",
    "148.05901123581185",
    "148.05746341934537",
    "148.06645788770342",
    "148.0637646682326",
    "148.0700121076788",
    "148.0633817578545",
    "148.03398302722078",
    "148.08575475542318"
  ],
  "Acc": [
    0.7598,
    0.8004,
    0.7653,
    0.7636,
    0.7706,
    0.7414,
    0.756,
    0.7443,
    0.7649,
    0.7442,
    0.7549,
    0.7626,
    0.7479,
    0.7766
  ],
  "epoch": 13,
  "Lossratio": []
}